,CIC0,SM1_Dz(Z),GATS1i,NdsCH,NdssC,MLOGP,response
0,3.26,0.8290000000000001,1.676,,,1.453,3.77
1,,0.58,,0.0,,1.348,3.115
2,2.125,0.638,0.831,0.0,0.0,1.348,3.531
3,3.027,0.331,1.472,1.0,0.0,1.807,
4,2.094,0.8270000000000001,,0.0,0.0,1.886,5.39
5,3.222,0.331,2.177,0.0,0.0,0.706,1.819
6,3.179,0.0,1.063,,0.0,2.942,3.947
7,3.0,0.0,0.938,,0.0,2.8510000000000004,3.513
8,2.62,0.499,0.99,,0.0,,4.402
9,2.834,0.134,0.95,0.0,0.0,1.591,3.0210000000000004
10,2.405,,0.843,,0.0,1.769,3.21
11,2.728,0.223,0.953,,0.0,1.591,2.371
12,2.512,0.223,0.929,1.0,0.0,1.769,3.919
13,2.834,0.134,1.237,0.0,0.0,1.859,3.03
14,2.819,0.331,1.271,0.0,1.0,0.981,2.736
15,2.126,0.251,,0.0,0.0,0.14300000000000002,2.157
16,2.834,0.134,1.3219999999999998,,0.0,1.199,2.4130000000000003
17,3.014,0.56,1.781,0.0,0.0,-0.115,0.898
18,3.024,0.452,,0.0,,1.107,0.45
19,3.036,0.405,1.205,1.0,0.0,1.807,
20,2.707,0.972,1.889,,3.0,-1.169,2.9760000000000004
21,2.978,1.246,1.103,0.0,,3.988,6.535
22,3.111,,0.923,0.0,0.0,4.0680000000000005,5.643
23,3.315,0.223,0.96,0.0,0.0,3.395,4.629
24,2.71,0.93,0.7240000000000001,0.0,0.0,,4.838
25,3.326,0.647,0.986,0.0,,3.112,4.081
26,3.332,0.134,1.294,0.0,0.0,2.51,3.4360000000000004
27,3.896,0.134,,0.0,0.0,2.591,3.45
28,3.155,,2.128,0.0,0.0,-0.937,1.102
29,2.479,0.887,0.954,0.0,0.0,1.7480000000000002,4.257
30,1.075,1.161,,0.0,1.0,0.024,5.386
31,3.645,0.223,1.155,0.0,0.0,2.837,
32,3.079,0.429,,,0.0,,1.308
33,3.332,,1.519,0.0,0.0,,3.554
34,2.7260000000000004,,1.179,0.0,1.0,1.06,2.269
35,3.532,,1.11,0.0,0.0,2.813,4.165
36,4.216,0.223,,0.0,,5.089,5.896
37,3.605,0.0,1.15,0.0,0.0,3.562,4.829
38,,0.223,0.944,,0.0,2.066,4.59
39,3.833,0.405,1.5219999999999998,0.0,1.0,3.492,2.092
40,3.669,,,0.0,0.0,2.274,3.665
41,2.824,0.223,1.0,1.0,0.0,2.102,3.56
42,2.233,0.64,,1.0,0.0,2.37,4.805
43,3.103,0.134,1.344,0.0,,1.533,3.174
44,4.413,0.56,,,,3.906,
45,3.641,0.331,1.933,0.0,1.0,1.565,2.67
46,,0.693,1.851,0.0,2.0,0.787,4.016
47,3.012,0.223,1.023,0.0,0.0,2.193,3.857
48,3.818,0.693,1.6269999999999998,2.0,2.0,2.217,5.522
49,4.171,0.693,1.6780000000000002,0.0,2.0,2.849,4.851
50,3.734,0.223,1.45,2.0,1.0,2.642,3.84
51,3.734,0.223,1.374,2.0,2.0,2.642,4.586
52,2.126,,0.7709999999999999,0.0,0.0,3.795,5.284
53,2.216,0.679,0.764,0.0,0.0,2.296,3.559
54,3.179,0.0,1.063,0.0,,2.942,4.091
55,2.62,,0.99,0.0,0.0,3.21,4.33
56,2.728,,0.953,,0.0,1.859,3.755
57,2.126,0.83,0.899,0.0,0.0,,4.552
58,2.216,0.5820000000000001,0.8390000000000001,0.0,0.0,2.127,3.62
59,2.086,0.64,0.838,0.0,0.0,2.127,4.459
60,2.834,0.134,,0.0,,1.859,2.827
61,2.126,0.405,0.917,4.0,2.0,0.411,6.38
62,3.08,0.405,1.609,1.0,1.0,1.619,4.7860000000000005
63,,0.64,,0.0,,0.408,3.861
64,2.219,0.604,1.537,,,2.026,3.262
65,1.594,0.223,1.3330000000000002,2.0,,0.094,
66,,0.499,1.4680000000000002,1.0,0.0,1.672,3.5460000000000003
67,1.5,0.83,,0.0,0.0,1.817,2.92
68,1.5119999999999998,0.64,1.844,0.0,0.0,,3.2030000000000003
69,2.56,0.134,1.758,0.0,0.0,0.34700000000000003,
70,1.818,0.134,1.445,,0.0,0.202,
71,,0.134,1.13,1.0,0.0,0.094,3.47
72,0.667,0.5820000000000001,1.361,0.0,0.0,0.202,4.748
73,2.333,,1.946,0.0,0.0,-1.053,2.576
74,2.026,0.223,1.429,1.0,0.0,0.202,5.259
75,1.594,0.223,1.068,0.0,,0.202,4.564
76,0.965,0.64,1.695,1.0,,0.202,4.37
77,,,,0.0,0.0,-1.053,0.053
78,1.0,0.405,1.5,2.0,0.0,-1.306,2.381
79,1.5119999999999998,0.331,1.6269999999999998,1.0,0.0,-0.386,2.891
80,,0.405,1.605,0.0,0.0,,1.088
81,3.74,0.134,1.581,0.0,0.0,2.274,3.721
82,3.669,0.486,,0.0,0.0,3.2910000000000004,3.701
83,,1.374,2.259,0.0,,2.05,6.082999999999998
84,,0.134,1.671,0.0,0.0,6.2029999999999985,4.628
85,3.802,0.405,1.527,1.0,0.0,1.869,3.7
86,2.802,0.223,1.6,0.0,1.0,1.064,1.842
87,2.242,1.096,1.907,0.0,1.0,-1.96,3.3960000000000004
88,1.94,0.7490000000000001,1.0659999999999998,0.0,0.0,1.492,2.99
89,2.126,0.405,1.69,,1.0,,3.573
90,,0.223,1.5830000000000002,0.0,1.0,1.442,2.271
91,3.277,0.223,1.869,0.0,0.0,1.587,2.085
92,3.179,,,0.0,0.0,2.942,3.822
93,2.728,0.223,0.953,0.0,0.0,1.859,3.29
94,2.62,0.499,0.99,0.0,0.0,3.21,3.84
95,2.216,0.5820000000000001,0.8390000000000001,0.0,0.0,2.127,3.979
96,2.834,0.134,0.95,0.0,0.0,1.859,
97,2.359,0.405,0.8140000000000001,0.0,0.0,0.893,3.314
98,2.565,0.693,1.987,0.0,2.0,0.057,4.0310000000000015
99,2.085,,0.895,0.0,,,4.74
100,2.26,0.604,0.836,0.0,0.0,3.045,4.194
101,2.91,0.0,1.0,0.0,0.0,,3.447
102,2.512,0.134,1.293,0.0,0.0,0.846,2.364
103,2.26,0.499,0.907,0.0,0.0,2.8760000000000003,3.645
104,3.08,0.223,1.385,0.0,0.0,1.195,2.07
105,,0.223,,0.0,1.0,1.05,2.27
106,2.386,0.223,0.857,0.0,0.0,1.506,3.513
107,2.512,0.134,1.293,0.0,0.0,,2.8110000000000004
108,3.509,0.8540000000000001,1.4780000000000002,,0.0,2.248,
109,2.98,0.251,2.261,,0.0,,1.639
110,2.512,0.134,1.293,,0.0,0.846,2.016
111,,0.251,,0.0,0.0,-0.063,1.651
112,3.462,0.405,1.717,0.0,,2.06,4.097
113,,0.405,,0.0,1.0,0.996,3.123
114,2.755,0.405,1.844,0.0,1.0,0.996,3.2310000000000003
115,2.024,0.977,1.328,0.0,0.0,2.604,5.052
116,,0.604,1.529,0.0,,,3.572
117,2.878,0.134,1.6840000000000002,0.0,0.0,0.8,2.436
118,1.961,,1.215,1.0,0.0,0.5479999999999999,2.567
119,2.665,0.251,1.7619999999999998,0.0,0.0,-0.534,1.795
120,1.251,0.251,1.126,0.0,0.0,-0.7859999999999999,5.072
121,2.377,0.331,2.111,,,-0.534,2.156
122,2.366,0.405,2.6060000000000003,0.0,,,1.037
123,2.878,,,0.0,0.0,0.8,1.932
124,1.961,,1.27,0.0,0.0,0.156,2.505
125,2.462,0.223,1.669,0.0,0.0,0.408,1.524
126,1.778,0.223,1.203,0.0,0.0,,3.048
127,3.609,,1.189,0.0,0.0,,5.115
128,3.3160000000000003,0.223,1.571,,1.0,1.795,2.8560000000000003
129,2.0,0.693,1.128,2.0,2.0,,4.3660000000000005
130,4.171,0.693,1.6780000000000002,0.0,,2.849,
131,3.3160000000000003,0.223,1.571,0.0,1.0,1.795,2.94
132,3.4410000000000003,0.0,,,0.0,,4.538
133,2.4290000000000003,0.83,1.696,0.0,0.0,,3.391
134,3.143,0.134,1.641,0.0,0.0,1.209,2.692
135,2.802,0.223,1.6,1.0,0.0,1.064,3.825
136,2.126,0.405,,,0.0,-0.226,3.2060000000000004
137,2.709,0.331,2.072,0.0,0.0,,1.78
138,2.701,0.405,2.003,0.0,0.0,-0.081,0.5329999999999999
139,3.252,0.0,,0.0,0.0,,3.299
140,2.111,0.134,1.253,0.0,0.0,,2.914
141,2.085,0.56,,0.0,0.0,,
142,3.361,,1.4369999999999998,1.0,2.0,,
143,3.52,0.223,1.5619999999999998,0.0,1.0,2.129,3.446
144,3.014,0.56,1.987,0.0,,0.5379999999999999,3.4960000000000004
145,,0.604,1.52,,0.0,3.1260000000000003,4.68
146,,0.134,1.614,0.0,,1.587,3.252
147,3.277,0.223,1.633,0.0,0.0,1.587,
148,2.507,0.405,1.5,2.0,0.0,0.076,3.936
149,3.277,0.486,1.416,0.0,0.0,2.604,5.47
150,2.67,0.496,2.047,0.0,0.0,-0.917,1.842
151,2.704,0.56,,0.0,,-0.917,0.15
152,3.277,,1.3430000000000002,0.0,0.0,2.604,3.736
153,3.5660000000000003,0.134,1.595,0.0,0.0,1.94,3.719
154,2.594,,1.287,0.0,0.0,,
155,3.485,0.223,1.614,0.0,0.0,,3.507
156,3.3160000000000003,0.223,1.571,,0.0,1.795,3.979
157,,0.604,1.515,0.0,,4.673,5.363
158,3.74,0.134,1.581,0.0,0.0,3.1860000000000004,4.396
159,,0.223,,0.0,0.0,,3.984
160,3.199,0.56,2.033,0.0,0.0,-0.129,1.02
161,,,2.137,0.0,,1.466,2.9730000000000003
162,3.641,,1.531,0.0,1.0,,3.182
163,4.005,0.223,1.545,,,3.953,
164,3.896,0.134,1.571,0.0,0.0,3.503,4.822
165,3.201,0.693,,0.0,0.0,,
166,3.98,0.223,1.578,0.0,0.0,3.806,4.819
167,4.114,0.223,,0.0,,4.098,5.2189999999999985
168,4.237,0.223,1.565,,0.0,4.379,5.268
169,,,1.4580000000000002,2.0,1.0,,3.139
170,2.456,0.331,1.259,0.0,1.0,0.496,2.858
171,,0.764,1.165,0.0,1.0,2.619,4.191
172,,0.223,1.281,,0.0,2.813,4.416
173,2.641,,1.077,0.0,1.0,,3.537
174,3.38,0.638,1.506,0.0,,1.57,4.38
175,2.544,0.223,1.245,0.0,0.0,1.064,1.408
176,1.279,1.16,1.714,0.0,0.0,1.209,2.9360000000000004
177,2.572,1.834,1.35,0.0,2.0,3.115,8.471
178,3.222,1.501,0.872,0.0,0.0,5.149,
179,3.728,0.956,1.17,0.0,0.0,4.789,5.574
180,3.358,1.348,1.328,0.0,0.0,,3.852
181,2.96,,1.53,1.0,1.0,0.787,5.244
182,4.81,,1.42,0.0,2.0,,2.548
183,3.3110000000000004,,,0.0,1.0,3.4610000000000003,5.276
184,3.023,0.56,1.168,,,2.294,3.924
185,2.585,1.586,0.917,0.0,0.0,,6.379
186,1.925,1.318,0.595,0.0,0.0,3.764,4.705
187,2.454,1.075,0.951,0.0,0.0,2.359,4.96
188,2.508,0.58,0.941,0.0,0.0,1.7009999999999998,3.766
189,2.222,0.711,,0.0,0.0,0.828,3.641
190,3.389,,0.8490000000000001,0.0,,3.587,4.1080000000000005
191,2.031,0.8909999999999999,,0.0,0.0,2.9560000000000004,4.42
192,1.965,1.408,0.7090000000000001,0.0,0.0,2.736,
193,3.3510000000000004,0.496,1.466,0.0,0.0,1.097,2.392
194,3.452,0.331,1.476,1.0,0.0,2.402,3.87
195,4.288,0.865,1.327,0.0,,4.295,5.642
196,2.359,,0.8140000000000001,0.0,0.0,0.893,4.287
197,2.085,1.079,,,0.0,4.063,4.79
198,1.962,0.934,0.8190000000000001,0.0,0.0,2.729,4.296
199,,0.947,,0.0,1.0,1.976,6.607
200,2.377,0.8270000000000001,0.938,0.0,,2.239,3.759
201,3.023,0.56,1.168,1.0,0.0,1.239,3.278
202,,0.56,1.127,,0.0,0.922,3.1180000000000003
203,2.218,0.923,1.074,0.0,0.0,0.29100000000000004,3.237
204,3.103,,1.521,0.0,,2.193,3.267
205,1.822,0.8290000000000001,0.8340000000000001,,0.0,2.509,3.933
206,3.459,1.47,1.483,0.0,2.0,,4.4860000000000015
207,2.442,1.211,2.254,0.0,0.0,1.401,4.305
208,1.945,0.889,0.835,0.0,0.0,1.969,3.927
209,3.315,0.223,1.1,1.0,0.0,2.7230000000000003,4.35
210,2.8680000000000003,1.286,,0.0,0.0,1.919,4.809
211,,0.8590000000000001,2.162,0.0,0.0,2.273,4.499
212,3.378,0.134,,0.0,0.0,,4.65
213,2.9610000000000003,0.405,1.189,,0.0,,2.604
214,,0.223,1.5619999999999998,1.0,0.0,,3.629
215,3.012,0.223,1.023,0.0,0.0,2.193,4.07
216,2.778,0.405,1.17,1.0,0.0,1.49,2.93
217,3.08,0.223,1.5830000000000002,1.0,0.0,1.442,
218,3.281,0.693,1.808,0.0,2.0,1.121,3.095
219,,0.405,0.8140000000000001,0.0,0.0,0.893,6.4
220,,0.223,1.6669999999999998,1.0,0.0,0.202,2.65
221,,0.405,,0.0,2.0,0.076,2.8510000000000004
222,3.462,,,0.0,1.0,,4.208
223,,,,1.0,0.0,0.655,3.654
224,,,1.787,0.0,1.0,1.3730000000000002,
225,2.4290000000000003,0.405,1.954,0.0,0.0,,0.931
226,2.8360000000000003,0.693,1.43,0.0,2.0,0.434,3.178
227,4.285,0.134,1.551,0.0,0.0,4.379,6.255
228,2.5340000000000003,0.872,1.619,,0.0,-1.186,2.732
229,4.077,0.956,1.909,0.0,,3.234,4.448
230,3.137,0.405,1.3119999999999998,0.0,2.0,0.7490000000000001,1.086
231,2.0340000000000003,0.64,,0.0,0.0,0.8,2.5860000000000003
232,2.0340000000000003,0.331,1.56,0.0,1.0,0.133,2.117
233,1.6669999999999998,1.278,,,2.0,2.459,
234,2.283,1.07,1.223,0.0,0.0,1.112,4.2780000000000005
235,3.164,0.223,0.909,0.0,,2.455,3.112
236,3.03,1.821,1.027,0.0,2.0,5.4689999999999985,6.897
237,,0.872,,0.0,1.0,0.202,6.424
238,4.216,0.223,1.248,0.0,0.0,4.177,5.78
239,,0.923,1.179,0.0,1.0,0.982,1.05
240,,0.56,1.6369999999999998,0.0,1.0,3.048,3.926
241,,1.38,1.264,0.0,0.0,1.971,6.284
242,,0.693,1.3159999999999998,,2.0,2.005,3.451
243,3.393,1.2919999999999998,2.122,0.0,,1.595,3.477
244,,0.223,0.847,0.0,0.0,,4.967
245,,1.462,0.83,0.0,0.0,5.206,5.985
246,2.47,,1.346,2.0,2.0,1.821,6.351
247,2.164,,1.227,,2.0,2.573,6.207000000000002
248,3.247,0.638,0.889,0.0,1.0,2.922,4.68
249,4.255,1.695,1.087,0.0,0.0,2.294,4.475
250,3.629,,1.4780000000000002,0.0,1.0,2.821,3.24
251,3.08,0.8270000000000001,1.079,2.0,0.0,1.155,5.478
252,3.012,0.223,0.76,0.0,0.0,2.637,4.62
253,2.374,,,0.0,1.0,3.818,5.048
254,2.855,1.331,,0.0,,0.454,
255,2.024,0.405,,0.0,1.0,0.133,
256,3.739,0.0,1.25,1.0,2.0,3.267,
257,3.426,0.693,1.4880000000000002,0.0,1.0,1.294,3.025
258,2.878,0.134,1.6840000000000002,0.0,,0.8,2.425
259,4.785,1.263,1.471,1.0,,2.749,9.612
260,3.286,0.35700000000000004,2.104,,0.0,-0.521,1.771
261,2.507,0.405,1.652,1.0,1.0,0.888,4.603
262,2.857,0.973,1.838,,2.0,1.121,5.311
263,3.924,,1.707,0.0,2.0,2.314,4.713
264,3.6010000000000004,0.223,1.35,3.0,2.0,2.545,4.32
265,3.634,0.693,1.747,,2.0,,4.051
266,1.968,0.331,1.891,0.0,,-1.053,1.47
267,,,1.927,0.0,1.0,0.586,2.583
268,3.029,0.331,1.847,0.0,0.0,0.314,2.474
269,3.605,0.0,1.15,0.0,0.0,3.562,4.51
270,2.024,0.83,1.761,0.0,0.0,2.226,3.007
271,3.026,0.405,1.548,0.0,,1.3730000000000002,2.84
272,3.462,,1.717,0.0,1.0,2.06,4.557
273,3.669,0.223,1.778,0.0,0.0,2.274,3.604
274,,1.275,0.913,0.0,1.0,3.574,6.564
275,3.832,,1.587,,0.0,3.503,4.41
276,,0.134,1.71,0.0,0.0,,5.38
277,3.164,2.044,0.83,0.0,1.0,4.912,6.113
278,3.332,0.134,1.294,,0.0,2.242,
279,2.344,0.5820000000000001,1.59,0.0,0.0,1.467,
280,3.353,0.8540000000000001,,,0.0,1.297,
281,2.9930000000000003,0.8109999999999999,1.232,0.0,2.0,-0.059,
282,,,0.975,0.0,,2.715,4.109
283,3.111,0.331,1.011,0.0,1.0,2.042,3.25
284,2.777,0.56,1.127,1.0,0.0,,4.767
285,3.188,,1.244,0.0,1.0,1.845,
286,3.134,0.223,1.319,0.0,0.0,1.795,2.739
287,3.514,0.134,1.07,1.0,0.0,,7.809
288,3.4360000000000004,0.331,0.951,0.0,0.0,2.786,4.338
289,2.217,,0.875,0.0,,1.769,4.182
290,3.219,0.405,1.605,0.0,0.0,0.706,1.134
291,,0.223,1.155,0.0,0.0,3.105,5.178
292,2.685,0.405,1.145,0.0,0.0,1.246,3.219
293,2.685,0.405,1.145,0.0,0.0,1.246,3.11
294,2.9610000000000003,0.405,1.388,0.0,0.0,1.58,
295,3.52,0.223,,0.0,0.0,1.882,2.883
296,4.029,0.965,1.729,0.0,0.0,4.038,4.4510000000000005
297,1.883,,,0.0,0.0,0.602,2.924
298,3.432,0.638,,0.0,1.0,1.459,5.339
299,3.369,0.134,1.614,0.0,0.0,1.587,2.226
300,3.323,,1.134,0.0,,4.207,
301,3.73,0.8290000000000001,1.5619999999999998,0.0,1.0,3.182,4.732
302,1.831,1.182,1.901,0.0,2.0,0.158,1.234
303,4.141,0.134,1.22,,0.0,4.833,6.233
304,3.035,0.223,1.941,0.0,0.0,,2.107
305,3.4610000000000003,0.223,1.12,,0.0,2.813,4.47
306,3.867,,1.4,2.0,0.0,3.659,
307,1.713,1.098,1.7519999999999998,0.0,0.0,-0.297,
308,,0.88,1.54,0.0,,0.057,4.92
309,1.634,0.713,1.19,0.0,0.0,,2.782
310,,0.429,0.88,0.0,0.0,2.679,5.229
311,1.886,1.153,,0.0,0.0,2.938,4.737
312,1.886,1.115,0.653,0.0,0.0,2.6460000000000004,4.342
313,3.684,,1.072,,1.0,,7.691
314,4.461,,1.139,0.0,,4.548,4.727
315,,0.223,0.96,1.0,0.0,2.42,3.979
316,3.822,0.0,1.125,1.0,0.0,4.044,5.51
317,3.113,1.5930000000000002,1.319,1.0,1.0,4.038,6.143
318,2.565,0.452,1.529,0.0,0.0,0.242,2.115
319,2.217,,0.7929999999999999,1.0,0.0,2.4290000000000003,5.189
320,2.95,1.7719999999999998,1.351,0.0,4.0,3.11,5.382999999999999
321,3.402,0.496,1.45,1.0,0.0,2.345,4.557
322,3.618,0.8420000000000001,1.686,0.0,2.0,1.661,
323,3.613,1.336,0.8390000000000001,0.0,0.0,2.459,4.886
324,3.739,0.0,,0.0,1.0,3.374,5.434
325,2.251,1.501,1.197,,0.0,4.19,5.6320000000000014
326,2.454,1.075,0.951,0.0,0.0,2.359,6.317
327,2.216,0.5820000000000001,1.287,0.0,0.0,,2.74
328,3.323,1.232,1.134,0.0,0.0,4.207,6.525
329,2.126,0.83,1.455,0.0,1.0,2.459,
330,1.886,0.988,0.764,0.0,0.0,2.343,3.889
331,3.175,0.8590000000000001,,0.0,0.0,2.59,4.095
332,3.641,,1.481,0.0,1.0,3.16,5.052
333,2.019,1.317,1.288,0.0,0.0,2.689,4.368
334,3.709,,,0.0,1.0,3.909,5.568
335,2.479,0.887,0.954,0.0,0.0,1.7480000000000002,4.458
336,3.559,,1.36,0.0,0.0,2.446,3.458
337,4.05,0.693,1.381,0.0,2.0,3.618,5.667000000000002
338,3.24,0.56,0.889,,,2.214,4.544
339,4.829,0.331,1.521,,4.0,4.57,6.347
340,2.079,0.988,,0.0,1.0,2.481,
341,4.037,,1.5630000000000002,,0.0,3.806,5.18
342,2.137,0.223,1.179,0.0,0.0,0.655,3.779
343,3.4210000000000003,,,0.0,1.0,1.57,5.029
344,1.279,1.327,1.284,0.0,0.0,2.2,4.697
345,3.252,0.499,0.8320000000000001,0.0,0.0,4.416,4.674
346,3.252,0.499,,0.0,0.0,4.416,4.384
347,3.739,0.0,0.7,0.0,0.0,4.76,7.346
348,2.591,0.331,1.629,0.0,,0.8740000000000001,2.395
349,2.1180000000000003,0.956,1.643,0.0,0.0,-2.03,3.638
350,3.274,1.214,1.011,,0.0,3.3110000000000004,6.54
351,,0.223,,0.0,0.0,1.064,3.38
352,2.08,0.764,0.7879999999999999,0.0,0.0,1.514,4.961
353,2.8,0.693,1.091,0.0,1.0,1.4369999999999998,
354,3.9,0.429,1.5719999999999998,0.0,1.0,2.297,3.842
355,3.177,0.918,,,0.0,2.031,4.1160000000000005
356,2.111,1.477,1.298,0.0,0.0,3.225,5.73
357,3.609,0.8109999999999999,1.208,0.0,0.0,3.2910000000000004,4.38
358,3.261,0.331,,0.0,1.0,0.915,4.182
359,3.38,0.7020000000000001,,0.0,1.0,1.579,
360,,0.88,1.4880000000000002,0.0,0.0,1.182,
361,2.442,0.934,,0.0,,3.259,4.208
362,,0.134,1.476,0.0,0.0,3.358,4.305
363,4.535,0.56,1.137,1.0,2.0,4.332,8.571
364,3.756,0.0,0.964,0.0,0.0,4.23,4.425
365,,0.7979999999999999,0.79,0.0,1.0,2.056,3.3280000000000003
366,3.159,,,0.0,2.0,1.121,3.77
367,2.862,,1.828,0.0,3.0,-0.463,4.512
368,4.121,0.8290000000000001,1.551,0.0,,3.913,
369,,0.907,,0.0,,3.0460000000000003,
370,3.69,0.223,1.062,0.0,0.0,2.7260000000000004,3.599
371,,0.56,,0.0,2.0,1.117,3.757
372,3.465,2.171,0.888,0.0,0.0,6.515,3.623
373,3.252,0.223,1.077,,,,4.22
374,,0.134,1.482,0.0,0.0,4.234,5.63
375,2.7260000000000004,0.496,1.108,0.0,1.0,1.06,3.1
376,,0.988,0.836,0.0,1.0,2.481,3.298
377,3.867,0.134,1.1740000000000002,0.0,0.0,3.386,4.064
378,3.33,0.56,1.555,,2.0,1.042,3.691
379,2.3040000000000003,1.028,1.124,0.0,0.0,2.4330000000000003,4.635
380,,,1.073,0.0,2.0,1.746,5.472
381,3.323,0.405,1.17,0.0,2.0,2.592,
382,3.5010000000000003,0.405,1.585,1.0,1.0,2.27,
383,2.594,0.251,,0.0,0.0,1.68,3.112
384,3.38,0.8740000000000001,0.903,0.0,1.0,3.184,5.278
385,3.332,0.134,0.909,0.0,0.0,,
386,3.5780000000000003,0.496,1.406,0.0,1.0,,4.32
387,2.857,1.421,2.282,0.0,,2.357,4.295
388,,0.223,0.939,0.0,0.0,1.834,
389,2.8360000000000003,1.86,,0.0,2.0,4.452,8.207
390,3.179,0.0,0.805,0.0,0.0,2.994,4.154
391,3.588,0.251,1.506,0.0,0.0,1.564,
392,3.026,0.251,2.164,,0.0,0.314,1.812
393,3.739,0.0,1.161,0.0,0.0,,
394,,0.331,,0.0,0.0,0.652,2.9610000000000003
395,1.844,1.275,0.804,0.0,0.0,3.109,6.72
396,4.395,0.134,1.546,0.0,0.0,4.651,6.484
397,,0.713,0.797,0.0,1.0,4.017,5.039
398,2.417,1.028,1.162,0.0,1.0,3.19,4.169
399,3.055,1.273,,0.0,0.0,2.931,5.393
400,2.624,1.621,1.5019999999999998,0.0,0.0,3.213,6.314
401,3.4360000000000004,1.225,1.839,0.0,0.0,2.0540000000000003,5.087
402,2.423,0.949,,0.0,0.0,,2.44
403,2.548,0.947,1.051,1.0,,1.66,3.588
404,2.647,,1.278,0.0,0.0,,
405,3.196,1.38,1.234,0.0,0.0,1.321,6.018
406,3.378,1.38,1.25,,0.0,1.654,4.854
407,2.396,,1.351,0.0,,3.32,6.023
408,1.983,1.714,2.105,0.0,,,5.062
409,4.086,0.452,1.843,0.0,0.0,0.37,3.463
410,3.353,0.405,1.418,1.0,1.0,1.878,5.018
411,3.174,,0.91,2.0,2.0,5.3610000000000015,
412,3.567,0.711,1.501,1.0,3.0,1.759,4.043
413,,,1.685,0.0,1.0,1.851,
414,3.81,1.025,1.055,0.0,2.0,0.215,3.838
415,3.3110000000000004,0.972,2.208,0.0,3.0,-0.165,4.244
416,0.667,1.03,0.906,0.0,0.0,1.064,5.558
417,,1.306,1.404,0.0,1.0,,4.239
418,2.862,1.54,1.226,0.0,0.0,3.896,6.171
419,2.1830000000000003,0.93,0.846,0.0,0.0,1.395,4.739
420,2.74,1.04,1.6030000000000002,0.0,1.0,2.6460000000000004,4.215
421,3.0010000000000003,0.6509999999999999,0.7809999999999999,0.0,0.0,4.203,
422,3.378,1.38,1.25,0.0,0.0,1.654,5.933
423,,1.182,1.624,0.0,0.0,2.4330000000000003,4.811
424,4.311,1.496,,0.0,0.0,3.522,5.19
425,3.587,0.675,2.108,0.0,0.0,,
426,2.893,1.236,,,0.0,3.842,
427,3.898,0.887,1.45,0.0,0.0,4.066,5.999
428,3.675,1.7180000000000002,1.248,0.0,0.0,3.167,4.136
429,2.817,1.012,1.521,0.0,3.0,-1.169,2.069
430,3.937,0.762,1.7080000000000002,0.0,0.0,1.145,3.297
431,,1.028,0.762,,0.0,,5.303
432,2.819,0.732,1.483,0.0,0.0,,2.9410000000000003
433,2.019,1.317,0.77,0.0,,3.617,5.93
434,1.822,0.6809999999999999,0.794,0.0,0.0,2.335,3.696
435,2.928,1.131,0.908,0.0,2.0,3.508,5.86
436,2.479,0.887,,,,1.7480000000000002,4.119
437,3.793,,0.93,,0.0,4.0539999999999985,6.0379999999999985
438,3.38,1.749,1.135,0.0,1.0,3.305,4.9510000000000005
439,4.181,0.57,1.383,0.0,0.0,4.379,6.212999999999999
440,2.297,0.762,0.7979999999999999,,0.0,2.841,3.555
441,2.206,,1.36,0.0,0.0,2.371,4.739
442,3.407,1.548,1.653,0.0,0.0,,6.257999999999999
443,1.844,1.275,0.804,,0.0,3.109,6.784
444,2.216,0.389,,,0.0,1.953,3.751
445,4.372,0.134,1.254,0.0,0.0,,6.569
446,,1.079,0.825,0.0,0.0,5.472,6.8820000000000014
447,1.786,0.7020000000000001,1.081,0.0,0.0,-1.265,8.132
448,1.883,0.916,1.207,0.0,1.0,1.188,
449,2.11,0.773,0.773,0.0,1.0,2.57,3.36
450,1.975,0.802,0.775,1.0,,2.799,4.227
451,,0.223,0.802,0.0,0.0,3.571,4.269
452,2.309,0.907,0.871,0.0,,3.0460000000000003,3.782
453,3.3160000000000003,,1.571,1.0,0.0,1.795,3.854
454,4.223,0.638,1.117,0.0,1.0,3.557,8.169
455,3.333,,0.963,1.0,0.0,2.974,
456,3.749,0.331,1.278,,,2.773,4.777
457,3.3510000000000004,0.797,2.456,2.0,0.0,-0.197,
458,3.0980000000000003,0.93,1.075,0.0,0.0,2.702,
459,3.734,0.223,1.374,0.0,0.0,3.661,5.159
460,3.073,1.493,,,0.0,3.737,6.645
461,3.249,2.071,1.327,0.0,,3.948,6.4460000000000015
462,2.137,0.223,1.375,3.0,0.0,0.5479999999999999,4.865
463,,0.58,,2.0,1.0,3.062,5.066
464,2.375,1.026,1.09,0.0,1.0,,3.895
465,1.634,0.713,1.19,,0.0,1.3130000000000002,2.056
466,2.309,0.762,0.845,1.0,0.0,1.091,
467,3.219,0.8109999999999999,1.127,0.0,0.0,2.604,4.257
468,,1.5119999999999998,1.046,0.0,2.0,2.11,5.002
469,2.24,0.405,1.203,,0.0,-0.316,2.286
470,2.233,0.46,,1.0,0.0,2.206,4.96
471,3.24,0.693,1.487,1.0,0.0,,3.5980000000000003
472,2.297,0.762,0.7979999999999999,0.0,0.0,2.841,3.608
473,2.374,0.8109999999999999,0.8170000000000001,,0.0,2.841,5.277
474,2.568,,1.012,0.0,0.0,2.296,3.513
475,3.734,,1.2819999999999998,0.0,0.0,2.502,3.387
476,3.6010000000000004,0.223,,0.0,,2.357,
477,3.08,0.405,,0.0,2.0,,3.528
478,3.734,0.223,1.426,0.0,0.0,2.502,3.18
479,4.532,0.405,1.189,1.0,4.0,4.6389999999999985,
480,4.324,0.0,,,1.0,4.738,4.302
481,3.08,0.223,1.462,1.0,0.0,1.442,3.518
482,3.073,0.693,1.4380000000000002,,2.0,0.787,1.055
483,,1.345,0.7829999999999999,0.0,0.0,3.617,5.752000000000002
484,,0.251,1.225,0.0,,1.586,3.0860000000000003
485,2.448,0.638,0.921,0.0,0.0,1.7009999999999998,3.5210000000000004
486,3.25,0.0,0.95,0.0,0.0,3.259,3.926
487,2.824,0.223,,0.0,0.0,,3.168
488,3.134,0.223,1.193,0.0,0.0,,2.692
489,3.11,0.0,1.079,2.0,0.0,2.42,3.974
490,2.309,0.762,1.118,0.0,2.0,,2.715
491,3.2,0.711,,0.0,3.0,0.779,2.681
492,3.337,,0.913,0.0,0.0,6.166,7.4289999999999985
493,2.077,1.236,0.8290000000000001,0.0,1.0,3.458,4.424
494,2.086,0.331,1.221,,0.0,0.14300000000000002,3.815
495,,0.223,1.556,0.0,1.0,2.446,
496,0.965,,1.359,0.0,1.0,0.435,3.4810000000000003
497,2.1830000000000003,0.93,0.846,,0.0,1.395,4.224
498,2.031,0.496,1.952,0.0,,-0.703,
499,2.428,0.956,2.609,,0.0,0.113,1.301
500,3.871,0.8290000000000001,1.558,0.0,1.0,3.026,4.539
501,3.0460000000000003,0.0,1.3330000000000002,0.0,2.0,2.352,
502,4.532,0.405,1.189,2.0,3.0,4.6389999999999985,5.104
503,2.238,1.513,2.0780000000000003,0.0,0.0,0.489,4.513
504,2.841,0.88,,0.0,3.0,0.226,1.6469999999999998
505,4.0310000000000015,1.113,1.106,1.0,2.0,4.579,7.64
506,2.479,0.887,0.954,0.0,0.0,1.7480000000000002,4.912
507,3.252,0.223,1.077,0.0,0.0,2.51,4.02
508,2.094,0.8270000000000001,0.86,0.0,0.0,1.886,5.449
509,2.728,0.134,0.923,0.0,0.0,2.102,
510,,0.223,1.0,,0.0,2.102,3.36
511,2.971,0.972,1.255,0.0,2.0,2.052,4.565
512,2.477,0.405,0.8759999999999999,0.0,,1.7,2.474
513,1.977,,0.8809999999999999,0.0,0.0,2.37,4.798
514,2.439,0.93,0.924,0.0,0.0,1.7480000000000002,5.007
515,3.049,0.762,1.258,0.0,2.0,,4.369
516,3.78,0.0,1.182,,0.0,3.854,4.938
517,3.219,0.8109999999999999,1.151,0.0,0.0,,3.397
518,2.495,0.56,,0.0,1.0,1.643,1.969
519,,0.405,1.787,0.0,,1.3730000000000002,
520,2.875,0.5820000000000001,2.311,0.0,,1.587,3.075
521,,,0.899,,0.0,3.478,4.263
522,,,1.445,2.0,,2.081,
523,3.669,0.486,1.374,0.0,0.0,3.2910000000000004,4.61
524,,0.8109999999999999,1.208,0.0,0.0,3.2910000000000004,4.4689999999999985
525,,0.932,0.931,0.0,1.0,2.529,4.559
526,2.542,0.429,1.891,0.0,0.0,0.562,2.12
527,,0.331,0.875,0.0,1.0,1.294,2.263
528,3.18,1.281,1.246,0.0,0.0,,4.963
529,2.482,1.3030000000000002,1.415,0.0,0.0,0.575,4.919
530,2.719,0.8909999999999999,2.292,0.0,0.0,1.94,3.289
531,3.023,,1.168,0.0,1.0,1.75,
532,,0.638,0.871,,0.0,1.61,
533,,,1.853,0.0,0.0,2.217,4.77
534,2.08,0.8909999999999999,0.816,0.0,0.0,2.729,4.41
535,2.8760000000000003,0.928,1.372,0.0,1.0,1.737,6.148
536,2.251,0.638,0.871,1.0,0.0,1.61,4.175
537,4.1389999999999985,0.496,1.43,,1.0,4.206,
538,2.122,1.621,1.511,,0.0,2.64,5.6770000000000005
539,4.061,0.134,1.658,0.0,0.0,-0.294,3.151
540,3.067,1.286,1.3090000000000002,0.0,0.0,2.2230000000000003,5.318
541,2.125,0.73,1.537,0.0,0.0,0.883,3.007
542,3.452,0.331,,0.0,1.0,2.54,3.742
543,2.479,,,0.0,0.0,1.7480000000000002,5.341
544,,,1.288,0.0,0.0,0.626,
545,2.802,0.223,1.6,0.0,,1.064,1.999
546,,0.8109999999999999,1.208,0.0,0.0,3.2910000000000004,4.247
547,3.198,0.405,1.399,0.0,0.0,1.897,3.874
548,2.888,0.251,,0.0,0.0,1.398,2.983
549,4.4430000000000005,0.251,1.287,4.0,3.0,4.453,
550,,0.57,,1.0,0.0,,6.064
551,2.333,0.251,2.327,0.0,0.0,-0.241,3.884
552,3.526,0.711,1.586,0.0,3.0,1.569,3.66
553,3.526,0.711,1.596,0.0,3.0,0.757,3.423
554,2.366,0.405,,0.0,0.0,-0.534,
555,2.508,0.58,0.941,0.0,0.0,1.7009999999999998,3.799
556,4.436,0.764,1.227,0.0,1.0,,5.412000000000001
557,4.356,1.028,1.224,0.0,,,
558,2.1830000000000003,0.93,0.846,0.0,0.0,1.395,3.666
559,3.012,0.223,1.023,,0.0,2.193,3.751
560,,0.58,0.941,0.0,0.0,1.7009999999999998,3.799
561,3.103,0.134,1.016,0.0,0.0,2.193,3.21
562,3.05,0.405,0.868,1.0,3.0,2.233,6.195
563,2.585,1.586,1.352,0.0,0.0,4.092,6.551
564,1.962,1.345,0.7829999999999999,0.0,0.0,,5.352
565,3.143,0.134,1.641,0.0,0.0,1.209,2.264
566,2.803,1.501,1.124,0.0,,4.053,5.385
567,2.126,0.977,0.7709999999999999,0.0,0.0,3.795,
568,4.532,0.405,1.189,2.0,2.0,4.6389999999999985,
569,2.528,0.58,1.297,,0.0,1.539,
570,3.103,0.134,1.016,0.0,0.0,2.193,
571,3.1710000000000003,,1.189,1.0,0.0,2.42,
572,3.103,0.134,1.016,0.0,0.0,2.193,3.22
573,,0.64,0.937,,0.0,2.461,4.2860000000000005
574,3.26,0.251,1.287,0.0,1.0,1.994,2.745
575,2.802,0.223,1.6,1.0,,1.064,4.423
576,3.08,0.223,1.5830000000000002,0.0,1.0,1.442,2.369
577,3.0460000000000003,0.0,1.3330000000000002,4.0,0.0,2.352,
578,2.217,0.659,0.7879999999999999,0.0,0.0,1.758,3.727
579,4.258,0.223,,,1.0,4.506,5.7410000000000005
580,4.717,0.223,1.288,,1.0,4.8039999999999985,6.384
581,3.143,0.134,1.641,,0.0,1.209,2.487
582,3.423,1.19,,0.0,4.0,-1.358,3.689
583,,,1.068,0.0,0.0,2.242,3.806
584,2.748,0.223,2.048,0.0,0.0,,1.462
585,4.135,0.58,1.263,,2.0,2.904,5.5379999999999985
586,3.485,,,0.0,0.0,1.94,
587,2.377,,0.938,0.0,,2.239,5.005
588,2.508,0.58,0.941,0.0,0.0,1.7009999999999998,3.483
589,2.377,,0.938,0.0,0.0,,3.991
590,3.314,0.331,1.173,1.0,0.0,3.112,3.812
591,3.788,0.693,1.365,0.0,2.0,2.576,4.664
592,2.086,1.685,0.396,0.0,,4.5939999999999985,6.72
593,2.26,1.443,,0.0,0.0,4.926,6.006
594,1.925,1.364,0.421,0.0,0.0,4.19,
595,2.377,0.8270000000000001,0.938,0.0,0.0,2.239,5.083
596,2.215,0.887,0.888,0.0,0.0,,4.33
597,3.905,0.56,1.399,1.0,0.0,2.65,4.947
598,,0.56,1.349,1.0,,1.239,3.917
599,2.7260000000000004,0.496,1.179,0.0,1.0,1.06,3.661
600,2.568,0.5820000000000001,0.931,0.0,0.0,2.461,3.594
601,2.636,0.8270000000000001,0.999,0.0,0.0,,4.393
602,,0.93,0.924,,,,4.856
603,2.781,0.711,1.147,0.0,0.0,1.515,3.846
604,4.137,0.223,1.5419999999999998,0.0,,4.234,5.194
605,,1.077,0.81,0.0,0.0,3.11,4.63
606,2.377,0.8270000000000001,,0.0,0.0,2.239,3.91
607,2.215,0.887,0.888,0.0,0.0,1.395,3.932
608,2.377,0.8270000000000001,0.938,0.0,0.0,2.239,5.146
609,2.11,0.58,0.805,,0.0,1.61,3.391
610,2.583,0.762,,,1.0,1.968,3.882
611,2.11,0.58,0.805,0.0,0.0,1.61,3.787
612,2.329,0.711,0.868,0.0,1.0,1.229,3.097
613,2.512,0.134,0.862,0.0,,1.506,3.0780000000000003
614,,,,,1.0,-0.317,2.445
615,2.092,1.359,2.273,1.0,1.0,1.246,4.796
616,1.774,0.429,2.299,,0.0,-0.41,1.897
617,3.052,0.638,0.903,0.0,0.0,3.237,4.9060000000000015
618,,0.331,1.3969999999999998,3.0,0.0,2.048,4.473
619,3.554,0.629,0.945,0.0,0.0,3.315,3.459
620,2.7260000000000004,0.496,1.179,0.0,1.0,1.06,2.126
621,2.983,0.496,,,0.0,-0.521,1.68
622,2.778,0.83,1.046,0.0,0.0,3.562,6.652
623,2.634,,1.298,0.0,0.0,0.943,3.131
624,2.08,,0.816,0.0,0.0,2.729,4.62
625,,,1.482,,1.0,0.204,3.03
626,,0.64,1.727,0.0,0.0,0.8,2.072
627,2.755,0.83,1.656,0.0,0.0,,3.746
628,1.892,1.4409999999999998,0.7759999999999999,0.0,,3.426,6.0870000000000015
629,3.402,0.604,1.517,,0.0,3.451,
630,3.219,0.8109999999999999,1.127,0.0,,2.604,4.759
631,3.137,0.251,1.335,,0.0,1.141,2.412
632,3.195,0.496,1.133,0.0,1.0,2.222,
633,1.0,1.15,0.968,0.0,1.0,0.996,
634,3.343,,0.923,0.0,0.0,2.5380000000000003,3.327
635,2.126,1.278,0.8959999999999999,,0.0,4.634,5.3610000000000015
636,2.019,,,0.0,0.0,3.314,4.737
637,2.217,0.764,0.8590000000000001,1.0,0.0,2.269,5.308
638,2.019,1.126,0.7929999999999999,,0.0,,5.001
639,2.025,0.932,,1.0,0.0,2.212,4.672
640,2.479,0.887,0.954,0.0,0.0,1.7480000000000002,4.181
641,1.946,0.223,1.929,0.0,0.0,,
642,,1.151,0.911,0.0,2.0,,
643,3.252,0.223,1.077,0.0,,2.51,4.093
644,2.987,1.0759999999999998,0.921,0.0,1.0,3.318,6.077000000000001
645,3.405,0.251,1.56,0.0,0.0,,4.132
646,2.43,0.496,0.8490000000000001,0.0,1.0,1.237,3.133
647,,,0.841,1.0,0.0,,
648,2.065,1.062,0.852,0.0,0.0,2.463,4.399
649,2.469,0.5820000000000001,0.913,0.0,0.0,,
650,3.08,,1.5830000000000002,,0.0,1.442,3.757
651,1.634,0.7979999999999999,1.093,,0.0,0.68,2.569
652,3.596,0.972,0.941,0.0,1.0,4.1789999999999985,4.828
653,1.634,,1.19,0.0,0.0,0.501,2.319
654,3.675,1.112,1.314,0.0,1.0,,4.706
655,3.333,0.405,,,0.0,2.974,4.632
656,2.396,0.223,1.778,0.0,0.0,0.34700000000000003,0.778
657,2.026,0.223,1.6669999999999998,0.0,1.0,,0.855
658,1.751,0.629,1.483,0.0,0.0,-0.317,0.361
659,2.189,,2.0,0.0,0.0,3.2910000000000004,5.242000000000001
660,1.3330000000000002,0.754,,0.0,1.0,-0.386,3.487
661,2.0340000000000003,0.331,2.672,1.0,0.0,-0.273,0.841
662,,0.988,1.489,0.0,1.0,0.18,2.725
663,3.828,1.259,0.966,,,,
664,3.029,0.331,2.13,0.0,1.0,0.967,1.885
665,3.003,0.134,1.413,0.0,0.0,2.242,2.647
666,,0.134,1.581,0.0,0.0,2.274,4.396
667,2.555,1.11,,0.0,,0.289,
668,3.86,0.223,,0.0,1.0,3.661,4.51
669,3.98,0.223,1.723,0.0,,2.894,4.703
670,1.783,,1.6669999999999998,,0.0,,1.777
671,2.126,0.251,1.719,0.0,0.0,0.087,2.458
672,4.191,0.762,,0.0,0.0,1.239,2.6180000000000003
673,3.065,0.923,1.317,0.0,,,2.015
674,3.961,0.405,1.083,1.0,0.0,3.987,5.8420000000000005
675,3.005,1.683,0.774,0.0,,4.8039999999999985,7.287000000000001
676,4.36,,,1.0,2.0,4.235,
677,3.027,,1.011,0.0,1.0,1.807,3.009
678,2.448,0.638,0.921,0.0,,1.7009999999999998,3.513
679,3.4610000000000003,0.223,1.111,0.0,,2.357,3.393
680,4.2189999999999985,1.033,,0.0,1.0,,
681,,0.887,0.954,0.0,0.0,1.7480000000000002,4.208
682,3.676,0.405,,0.0,1.0,2.289,3.976
683,3.033,,1.3119999999999998,1.0,0.0,1.21,4.832
684,2.684,0.988,1.226,,1.0,3.076,4.404
685,2.396,,1.778,0.0,0.0,0.34700000000000003,1.121
686,2.748,,1.705,0.0,0.0,0.8,1.589
687,3.035,0.223,1.662,0.0,0.0,1.209,
688,2.585,0.0,,0.0,0.0,2.255,3.502
689,1.439,,1.867,0.0,0.0,2.226,3.402
690,3.444,0.88,1.466,0.0,3.0,1.95,4.004
691,5.158,0.134,1.791,,0.0,3.1180000000000003,
692,2.526,0.713,1.2009999999999998,1.0,,2.213,3.5610000000000004
693,3.593,1.236,1.166,0.0,0.0,4.268,7.607
694,3.3760000000000003,1.278,0.915,0.0,0.0,5.934,4.862
695,3.98,0.452,2.013,0.0,0.0,-0.022,1.81
696,4.305,0.223,1.348,3.0,2.0,,5.192
697,2.926,0.5820000000000001,,0.0,0.0,1.548,3.0460000000000003
698,4.166,0.134,1.556,0.0,,,5.912000000000001
699,2.938,1.385,1.225,0.0,,1.02,
700,4.5360000000000005,,1.29,,0.0,4.907,6.634
701,3.134,0.223,1.319,0.0,0.0,1.795,4.8039999999999985
702,,0.134,1.912,0.0,0.0,-0.172,2.3
703,1.126,0.134,1.431,0.0,0.0,-0.317,1.399
704,1.429,,1.75,,0.0,-0.317,
705,1.429,0.223,1.804,,,-0.564,2.72
706,1.0,0.83,1.432,,1.0,1.672,2.8560000000000003
707,0.965,0.64,1.695,0.0,1.0,0.202,3.272
708,3.0010000000000003,0.134,2.92,0.0,,,2.375
709,2.748,,1.705,0.0,0.0,0.8,1.063
710,1.279,,,0.0,0.0,0.58,2.925
711,,0.223,1.5830000000000002,0.0,1.0,1.442,3.0610000000000004
712,,1.028,1.5119999999999998,0.0,,,2.693
713,1.832,1.209,1.364,0.0,,-0.792,3.828
714,1.7009999999999998,1.443,1.905,0.0,0.0,2.957,4.44
715,1.094,1.236,1.461,0.0,1.0,0.996,
716,2.931,1.71,0.935,,,5.124,7.017
717,2.126,,1.455,,0.0,2.459,4.184
718,3.641,0.331,1.933,1.0,0.0,,3.2460000000000004
719,2.137,0.223,1.179,0.0,0.0,,3.841
720,3.514,0.0,1.375,,2.0,,4.465
721,3.668,0.134,1.132,0.0,0.0,2.502,
722,2.632,0.429,,0.0,0.0,1.074,2.975
723,2.465,1.586,,,4.0,3.5580000000000003,7.591
724,2.33,0.58,1.776,0.0,2.0,-0.741,0.89
725,3.465,0.0,0.963,4.0,0.0,3.267,3.407
726,3.277,,1.633,0.0,0.0,1.587,2.182
727,2.866,0.223,1.288,0.0,0.0,1.442,1.906
728,3.738,1.131,1.584,1.0,2.0,,4.422
729,2.08,,0.902,0.0,0.0,3.157,3.693
730,3.739,,1.204,1.0,1.0,3.374,5.689
731,3.1910000000000003,0.223,1.154,0.0,0.0,,
732,,1.825,1.351,0.0,,-0.45,4.691
733,4.628,1.209,,0.0,0.0,,4.551
734,3.41,0.223,1.278,1.0,2.0,1.947,2.737
735,,0.0,1.3,1.0,1.0,1.974,2.9530000000000003
736,2.748,,1.705,0.0,0.0,0.8,1.6909999999999998
737,2.024,0.83,1.761,0.0,0.0,2.226,
738,2.665,,1.7619999999999998,0.0,0.0,-0.534,1.817
739,2.748,0.223,1.705,0.0,0.0,,1.305
740,2.462,,1.625,0.0,1.0,0.655,1.352
741,2.377,0.331,1.734,0.0,0.0,-0.534,1.474
742,,1.531,1.0590000000000002,0.0,,,6.16
743,,1.079,1.867,,,2.226,
744,1.126,1.079,1.44,1.0,1.0,2.081,
745,1.636,0.331,1.265,1.0,1.0,,2.766
746,2.024,0.405,2.065,,1.0,0.133,2.269
747,,1.278,1.868,,,2.604,3.916
748,3.957,,1.269,2.0,,,4.577
749,3.383,1.408,,0.0,,,5.44
750,3.819,0.615,0.8640000000000001,0.0,0.0,4.878,3.715
751,3.044,1.028,0.959,1.0,0.0,3.762,5.95
752,3.776,0.405,0.92,0.0,,3.306,4.691
753,3.39,0.934,0.889,0.0,0.0,,5.2639999999999985
754,,0.223,,0.0,0.0,,4.81
755,3.921,0.251,1.398,0.0,,1.622,3.4160000000000004
756,3.993,0.223,1.214,1.0,,3.563,
757,2.507,0.405,1.652,0.0,,0.888,2.495
758,,0.35700000000000004,1.394,,1.0,3.903,6.922999999999999
759,2.377,1.278,0.974,0.0,0.0,4.658,5.372000000000001
760,2.1180000000000003,0.956,2.539,0.0,,-0.406,3.845
761,2.523,,1.602,1.0,1.0,0.052000000000000005,4.384
762,3.361,0.223,,0.0,0.0,2.129,5.485
763,3.7,0.223,1.556,0.0,1.0,3.358,
764,2.818,0.83,1.386,0.0,0.0,2.899,3.92
765,3.465,0.0,0.802,0.0,0.0,,4.984
766,3.003,0.134,1.032,,0.0,2.152,
767,4.268,0.916,,0.0,2.0,1.936,7.849
768,3.26,0.405,0.921,0.0,0.0,2.782,
769,,,,0.0,0.0,2.59,4.377
770,3.888,0.693,0.978,0.0,,4.633,6.6
771,3.477,0.693,1.344,0.0,,2.577,4.1160000000000005
772,4.05,0.693,,0.0,2.0,,5.49
773,4.05,0.693,1.381,0.0,2.0,3.618,5.367000000000001
774,,0.331,1.301,2.0,1.0,2.209,4.711
775,4.073,0.693,1.171,0.0,,4.091,5.224
776,2.744,,0.753,0.0,0.0,3.018,
777,3.252,0.134,0.875,0.0,0.0,2.859,5.292000000000002
778,2.815,0.56,1.585,,2.0,,2.758
779,2.031,,2.591,0.0,0.0,-0.816,2.689
780,3.265,0.496,0.962,0.0,1.0,3.055,4.732
781,2.085,1.079,0.895,0.0,0.0,4.063,4.89
782,,1.586,1.25,0.0,4.0,,6.416
783,2.822,0.8109999999999999,1.524,0.0,0.0,-2.089,0.6
784,3.315,0.916,1.753,0.0,2.0,-0.439,
785,1.4169999999999998,0.898,0.648,0.0,0.0,2.042,4.421
786,2.1180000000000003,0.934,0.913,1.0,,2.9560000000000004,4.988
787,,1.16,0.8009999999999999,0.0,0.0,,4.499
788,2.536,0.429,0.871,0.0,1.0,1.237,2.537
789,2.43,0.496,0.946,0.0,,,3.568
790,1.822,0.8290000000000001,0.8340000000000001,0.0,0.0,,3.731
791,2.125,0.638,0.831,0.0,,1.348,2.939
792,3.0980000000000003,0.93,1.075,0.0,0.0,2.702,
793,3.26,,0.7020000000000001,0.0,0.0,4.412,6.297999999999999
794,2.982,0.496,1.151,0.0,,1.783,3.522
795,,1.126,0.7929999999999999,0.0,0.0,,4.73
796,2.508,0.58,,,,1.7009999999999998,3.789
797,3.4610000000000003,0.223,1.12,0.0,0.0,,4.672
798,2.233,0.64,0.92,1.0,0.0,2.37,
799,2.477,0.405,0.8759999999999999,1.0,0.0,1.6669999999999998,
800,3.394,,0.868,0.0,0.0,3.677,4.199
801,2.937,0.499,0.8,0.0,0.0,3.945,4.849
802,3.012,0.223,0.76,0.0,0.0,2.637,4.538
803,3.315,0.223,0.799,0.0,0.0,3.127,4.507
804,2.11,1.15,0.72,1.0,,3.157,5.518
805,4.2780000000000005,0.405,1.345,0.0,0.0,3.5460000000000003,
806,3.179,0.0,0.805,0.0,0.0,3.386,4.322
807,,0.134,1.009,0.0,0.0,2.066,
808,2.448,0.638,1.121,,0.0,1.7009999999999998,2.904
809,3.921,0.134,1.789,0.0,0.0,2.502,3.861
810,3.532,0.134,1.518,0.0,0.0,2.813,3.959
811,3.585,0.331,1.491,0.0,0.0,,3.53
812,3.0860000000000003,0.948,0.7509999999999999,0.0,0.0,3.5860000000000003,5.107
813,3.465,0.0,0.8370000000000001,0.0,0.0,3.876,4.809
814,3.315,,0.799,0.0,0.0,3.127,
815,1.855,1.179,1.44,,,1.587,2.838
816,2.866,,1.288,2.0,0.0,1.335,3.411
817,2.137,0.223,,0.0,,0.655,3.2880000000000003
818,3.036,0.405,1.205,0.0,1.0,,4.247
819,3.111,0.405,1.05,0.0,2.0,1.756,5.169
820,2.677,0.331,1.582,0.0,1.0,0.586,2.895
821,1.962,,0.7829999999999999,0.0,0.0,3.617,5.348
822,2.442,0.934,0.984,0.0,1.0,2.991,4.208
823,3.1710000000000003,0.134,1.011,0.0,,2.186,3.984
824,2.982,0.496,,0.0,,1.783,3.665
825,3.874,0.638,1.352,,1.0,2.575,4.561
826,2.43,0.496,0.83,1.0,0.0,1.132,4.628
827,2.435,1.113,1.109,,1.0,2.354,2.839
828,3.247,0.8740000000000001,1.221,0.0,1.0,2.659,4.262
829,2.928,1.113,,0.0,1.0,2.927,
830,,1.131,0.996,0.0,0.0,2.7230000000000003,5.354
831,3.177,0.629,,0.0,0.0,,3.365
832,2.495,0.56,0.835,1.0,0.0,1.099,4.023
833,2.233,0.57,0.883,,0.0,1.501,3.325
834,3.179,0.0,1.063,0.0,0.0,2.942,3.811
835,,,0.953,0.0,0.0,1.859,3.897
836,2.62,,0.99,0.0,0.0,3.21,4.23
837,2.126,0.83,,0.0,0.0,3.478,4.194
838,2.216,0.5820000000000001,0.8390000000000001,0.0,0.0,2.127,
839,2.62,0.28800000000000003,0.8390000000000001,0.0,0.0,3.045,3.753
840,2.834,0.134,0.95,0.0,0.0,1.859,3.12
841,2.086,0.64,0.838,0.0,0.0,2.127,3.995
842,,0.0,1.111,0.0,0.0,3.259,4.192
843,3.012,0.223,1.023,0.0,0.0,2.193,3.92
844,2.477,0.83,0.983,0.0,0.0,3.795,4.54
845,2.477,,0.983,0.0,,3.795,4.743
846,2.08,0.8909999999999999,0.816,,0.0,2.729,4.332
847,2.888,0.251,0.944,0.0,0.0,1.246,1.935
848,2.08,0.8909999999999999,0.816,0.0,0.0,2.729,4.989
849,,1.278,0.8959999999999999,0.0,0.0,4.634,5.815
850,1.925,1.16,0.8009999999999999,0.0,0.0,3.314,5.192
851,3.69,0.223,0.883,0.0,0.0,3.887,
852,3.814,0.331,1.225,0.0,1.0,3.345,3.698
853,2.888,0.405,1.472,1.0,2.0,,
854,,,1.051,0.0,0.0,,4.05
855,1.855,1.067,1.244,0.0,0.0,1.587,3.487
856,,0.223,1.6,,,1.064,3.937
857,1.92,1.079,1.7380000000000002,0.0,0.0,2.604,3.408
858,2.802,,1.6,0.0,1.0,1.064,
859,2.435,0.331,1.5319999999999998,0.0,1.0,0.586,
860,3.611,0.331,,0.0,0.0,1.393,2.859
861,2.215,0.887,0.888,0.0,0.0,1.395,4.084
862,3.16,1.028,0.809,0.0,0.0,3.842,5.939
863,,0.405,1.151,1.0,0.0,,
864,1.965,0.405,1.169,1.0,0.0,-0.145,3.66
865,1.783,0.629,0.75,1.0,0.0,0.736,
866,2.3480000000000003,0.762,,0.0,0.0,2.6210000000000004,3.769
867,3.4610000000000003,,1.12,0.0,0.0,2.813,
868,,0.0,1.111,0.0,0.0,3.259,4.279
869,2.824,0.223,,0.0,,2.102,2.87
870,2.233,0.64,0.92,0.0,,2.102,
871,,0.496,0.858,0.0,0.0,,3.022
872,2.434,1.17,0.996,1.0,0.0,1.391,
873,2.765,0.331,0.951,0.0,1.0,1.49,
874,2.43,0.496,0.946,0.0,0.0,2.241,3.66
875,2.252,1.075,0.885,,0.0,,5.303
876,2.508,0.58,0.941,0.0,0.0,1.7009999999999998,3.242
877,2.508,0.58,0.941,,0.0,1.7009999999999998,3.345
878,2.251,0.638,0.871,1.0,0.0,1.61,4.416
879,,0.8270000000000001,,0.0,0.0,,4.239
880,3.739,0.0,1.25,2.0,2.0,3.267,4.638
881,3.332,0.134,1.519,0.0,,2.51,3.415
882,2.43,0.496,,0.0,0.0,2.241,3.4410000000000003
883,2.815,0.56,1.585,1.0,1.0,0.43,4.59
884,,0.405,,0.0,,-0.386,2.661
885,3.1260000000000003,0.693,1.69,2.0,2.0,1.024,4.282
886,3.86,0.223,1.429,0.0,0.0,2.502,3.919
887,,1.3159999999999998,1.074,0.0,1.0,1.119,
888,3.69,1.159,1.295,0.0,2.0,4.449,5.749
889,4.211,,1.045,0.0,,4.832,8.916
890,2.16,1.16,1.607,,0.0,1.94,3.13
891,4.327,0.56,1.254,2.0,5.0,3.399,
892,3.057,1.636,0.995,0.0,2.0,4.452,8.433
893,3.401,,1.185,0.0,1.0,2.7910000000000004,3.529
894,2.086,1.501,0.7659999999999999,0.0,0.0,3.909,6.093
895,3.08,0.223,,2.0,,1.442,2.494
896,3.41,0.134,1.722,0.0,0.0,-1.1740000000000002,3.017
897,3.1010000000000004,,,0.0,1.0,,
898,3.599,0.7020000000000001,1.514,2.0,1.0,3.247,6.183
899,2.986,0.961,1.669,,4.0,1.798,3.152
900,2.804,1.11,0.618,0.0,,1.317,6.254
901,3.67,0.728,2.11,0.0,3.0,2.2880000000000003,2.964
902,,0.405,0.875,1.0,2.0,3.148,4.803
903,2.801,0.728,2.226,,2.0,0.736,3.109
904,3.652,0.872,0.867,2.0,,3.983,4.04
905,,0.916,,0.0,6.0,2.918,4.8180000000000005
906,2.8310000000000004,1.393,1.077,0.0,1.0,0.906,5.317
907,4.057,1.032,1.183,1.0,3.0,4.754,8.201
